note,issuer,coupon_pct,usd_mm,due,date,url
Galaxy Digital · Helios II,Galaxy Digital,9.875,3507,2031,2026-07-28,https://www.sec.gov/Archives/edgar/data/1859392/000185939226000079/glxy-20260728.htm
Applied Digital · ELN-02/03,Applied Digital,9.250,2350,2030,2025-11-20,https://www.sec.gov/Archives/edgar/data/1144879/000149315225024479/ex4-1.htm
Core Scientific · Finance I,Core Scientific,7.750,3300,2031,2026-05-06,https://www.sec.gov/Archives/edgar/data/1839341/000119312526208905/d47435dex41.htm
Cipher Mining · Barber Lake,Cipher Mining,7.125,1400,2030,2025-11-13,https://www.sec.gov/Archives/edgar/data/1819989/000095010325014692/dp237330_0401.htm
Applied Digital · ELN-04,Applied Digital,7.000,1590,2031,2026-06-16,https://www.sec.gov/Archives/edgar/data/1144879/000149315226028899/form8-k.htm
Applied Digital · Polaris Forge 2,Applied Digital,6.750,2150,2031,2026-04-08,https://www.sec.gov/Archives/edgar/data/1144879/000114487926000029/apldq326earningsrelease.htm
Hut 8 · River Bend,Hut 8,6.192,3250,2042,2026-05-01,https://www.sec.gov/Archives/edgar/data/1964789/000110465926053247/tm2613163d1_8k.htm
Hut 8 · Beacon Point,Hut 8,6.129,4250,2042,2026-06-10,https://www.sec.gov/Archives/edgar/data/1964789/000110465926071952/tm2617190d1_8k.htm
Cipher Digital · Stingray,Cipher Digital,6.000,810,,2026-08-04,https://www.sec.gov/Archives/edgar/data/1819989/000181998926000038/cipherdigital_businessup.htm
